restart,iteration,operator,current_cost,restart_best_cost,global_best_cost,temperature,pack_types_current,pack_types_best,shortage_units_best,overstock_units_best,elapsed_seconds
1,1,reallocate,650210,650129,648276,5000,488,488,0,0,0.104016
1,250,merge_packs,381969,381969,381969,4414.55,509,508,0,5768,5.57523
1,500,remove_pack,319673,313894,313509,3895.71,499,500,0,10658,11.1755
1,750,remove_pack,310100,309341,293464,3437.84,507,508,0,13859,15.8922
1,1000,mutate_pack_content,302489,302440,292386,3033.79,500,500,0,16201,21.0683
1,1250,mutate_pack_content,307222,297086,292386,2677.23,512,501,0,18859,25.4071
1,1500,mutate_pack_content,313406,297086,292386,2362.57,528,501,0,18859,29.5685
1,1750,mutate_pack_content,320335,297086,292386,2084.9,523,501,0,18859,33.7875
1,2000,merge_packs,325265,297086,292386,1839.86,510,501,0,18859,37.7755
1,2250,add_curve_pack,326136,297086,292386,1623.62,515,501,0,18859,41.7387
1,2500,mutate_pack_content,318184,297086,292386,1432.79,511,501,0,18859,45.6219
1,2750,remove_pack,311261,297086,292386,1264.4,503,501,0,18859,49.574
1,3000,remove_pack,310627,297086,292386,1115.79,495,501,0,18859,53.2504
1,3250,mutate_pack_content,302236,297086,292386,984.651,499,501,0,18859,57.3311
1,3500,reallocate,305558,297086,292386,868.924,497,501,0,18859,61.4352
1,3750,mutate_pack_content,299911,297086,292386,766.799,489,501,0,18859,65.3601
1,4000,reallocate,295114,294670,292386,676.676,491,491,0,23186,69.3267
1,4250,mutate_pack_content,290215,290215,290215,597.146,474,474,0,22510,73.3386
1,4500,mutate_pack_content,284447,283284,283284,526.963,461,462,0,21884,77.0848
1,4750,reallocate,284406,282356,282356,465.029,456,457,0,21800,80.958
1,5000,reallocate,284375,282356,282356,410.374,448,457,0,21800,84.5214
1,5250,mutate_pack_content,283857,282356,282356,362.142,448,457,0,21800,88.1766
1,5500,mutate_pack_content,279924,279907,279907,319.579,439,439,0,21884,91.8126
1,5750,mutate_pack_content,276492,276193,276193,282.019,436,437,0,21441,95.4216
1,6000,remove_pack,276185,275330,275330,248.873,431,432,0,21580,99.1306
1,6250,mutate_pack_content,271027,271027,271027,219.623,427,427,0,21113,102.944
1,6500,mutate_pack_content,266326,266207,266207,193.81,427,427,0,20865,106.713
1,6750,mutate_pack_content,262339,261991,261991,171.032,426,426,0,20605,110.343
1,7000,mutate_pack_content,258339,258041,258041,150.93,424,424,0,20486,113.845
1,7250,mutate_pack_content,254060,253810,253810,133.191,424,424,0,20055,117.544
1,7500,mutate_pack_content,251635,251491,251491,117.537,425,425,0,19859,121.217
1,7750,mutate_pack_content,248381,248290,248290,103.723,425,425,0,19493,124.539
1,8000,mutate_pack_content,246202,246202,246202,91.5324,425,425,0,19196,128.192
1,8250,mutate_pack_content,242034,241995,241995,80.7745,425,425,0,18871,131.693
1,8500,mutate_pack_content,239544,239387,239387,71.281,425,425,0,18409,135.705
1,8750,mutate_pack_content,237186,237143,237143,62.9033,425,425,0,18159,139.242
1,9000,mutate_pack_content,234078,233914,233914,55.5103,425,425,0,17934,142.986
1,9250,mutate_pack_content,231398,231250,231250,48.9861,425,425,0,17693,146.58
1,9500,mutate_pack_content,229932,229926,229926,43.2287,425,425,0,17744,150.219
1,9750,mutate_pack_content,226883,226851,226851,38.148,425,425,0,17288,153.791
1,10000,mutate_pack_content,221777,221777,221777,33.6645,425,425,0,16776,157.814
1,10250,mutate_pack_content,219424,219308,219308,29.7079,425,425,0,16378,161.638
1,10500,mutate_pack_content,214418,214418,214418,26.2163,425,425,0,16087,165.372
1,10750,mutate_pack_content,212715,212693,212693,23.1351,425,425,0,15943,169.045
1,11000,mutate_pack_content,209769,209725,209725,20.416,425,425,0,15586,172.55
1,11250,mutate_pack_content,207576,207576,207576,18.0165,425,425,0,15398,176.256
1,11500,mutate_pack_content,205604,205604,205604,15.899,425,425,0,15102,179.745
1,11750,mutate_pack_content,203418,203418,203418,14.0304,425,425,0,14896,183.523
1,12000,mutate_pack_content,202420,202420,202420,12.3814,425,425,0,14790,187.562
1,12250,mutate_pack_content,201415,201415,201415,10.9262,425,425,0,14722,190.927
1,12500,mutate_pack_content,200295,200295,200295,9.64202,425,425,0,14583,194.47
1,12750,mutate_pack_content,198791,198791,198791,8.50878,425,425,0,14391,198.181
1,13000,mutate_pack_content,197797,197785,197785,7.50874,425,425,0,14268,201.863
1,13250,mutate_pack_content,196225,196225,196225,6.62623,425,425,0,14142,205.484
1,13500,mutate_pack_content,195160,195160,195160,5.84745,425,425,0,14020,208.986
1,13750,mutate_pack_content,194017,194017,194017,5.16019,425,425,0,13913,212.863
1,14000,mutate_pack_content,193369,193366,193366,4.55371,425,425,0,13883,216.628
1,14250,mutate_pack_content,192328,192320,192320,4.01851,425,425,0,13715,220.239
1,14500,mutate_pack_content,191761,191761,191761,3.54621,425,425,0,13610,224.009
1,14750,mutate_pack_content,190837,190837,190837,3.12942,425,425,0,13534,228.083
1,15000,mutate_pack_content,189974,189974,189974,2.76162,425,425,0,13399,231.909
1,15250,mutate_pack_content,189372,189372,189372,2.43705,425,425,0,13334,235.942
1,15500,mutate_pack_content,188725,188725,188725,2.15062,425,425,0,13257,239.865
1,15750,mutate_pack_content,188315,188315,188315,1.89785,425,425,0,13191,243.742
1,16000,mutate_pack_content,187772,187771,187771,1.6748,425,425,0,13128,247.775
1,16250,mutate_pack_content,186764,186764,186764,1.47796,425,425,0,13026,251.745
1,16500,mutate_pack_content,186045,186045,186045,1.30425,425,425,0,12972,255.765
1,16750,mutate_pack_content,184763,184763,184763,1.15096,425,425,0,12874,260.047
1,17000,mutate_pack_content,184074,184074,184074,1.01569,425,425,0,12809,263.783
1,17250,mutate_pack_content,183615,183615,183615,0.896315,425,425,0,12766,267.602
1,17500,mutate_pack_content,183041,183041,183041,0.79097,425,425,0,12702,271.567
1,17750,mutate_pack_content,182334,182334,182334,0.698007,425,425,0,12621,276.192
1,18000,mutate_pack_content,181656,181656,181656,0.61597,425,425,0,12548,280.42
1,18250,mutate_pack_content,180850,180850,180850,0.543574,425,425,0,12445,284.348
1,18500,mutate_pack_content,180792,180792,180792,0.479688,425,425,0,12431,288.189
1,18750,mutate_pack_content,180217,180217,180217,0.42331,425,425,0,12371,292.028
1,19000,mutate_pack_content,179800,179800,179800,0.373558,425,425,0,12299,296.166
1,19250,mutate_pack_content,179380,179380,179380,0.329653,425,425,0,12250,300.163
1,19500,mutate_pack_content,178893,178893,178893,0.290909,425,425,0,12188,304.282
1,19750,mutate_pack_content,178670,178670,178670,0.256718,425,425,0,12169,307.903
1,20000,mutate_pack_content,178274,178274,178274,0.226546,425,425,0,12130,311.436
2,1,merge_packs,647892,647892,647892,5000,490,490,0,26,0.122296
2,250,split_pack,438680,438469,376729,4414.55,511,510,0,3689,6.3142
2,500,reallocate,353556,353326,305565,3895.71,546,546,0,14084,12.0104
2,750,mutate_pack_content,347182,342234,292386,3437.84,571,564,0,16760,17.9257
2,1000,mutate_pack_content,352839,339025,292386,3033.79,590,576,0,19139,23.748
2,1250,mutate_pack_content,354442,339025,292386,2677.23,600,576,0,19139,28.7431
2,1500,remove_pack,353798,339025,292386,2362.57,626,576,0,19139,33.5744
2,1750,mutate_pack_content,363393,339025,292386,2084.9,649,576,0,19139,38.2448
2,2000,mutate_pack_content,355111,339025,292386,1839.86,687,576,0,19139,42.8316
2,2250,mutate_pack_content,350520,339025,292386,1623.62,705,576,0,19139,47.7687
2,2500,mutate_pack_content,344190,339025,292386,1432.79,731,576,0,19139,52.6501
2,2750,reallocate,345706,339025,292386,1264.4,754,576,0,19139,57.2819
2,3000,reallocate,342913,339025,292386,1115.79,774,576,0,19139,62.0617
2,3250,reallocate,338554,337666,292386,984.651,792,784,0,25025,66.7846
2,3500,mutate_pack_content,334969,334969,291577,868.924,802,802,0,24860,71.7606
2,3750,mutate_pack_content,332256,331741,283801,766.799,828,829,0,24710,76.7223
2,4000,mutate_pack_content,331352,331241,282356,676.676,843,841,0,24561,81.9873
2,4250,reallocate,334795,331119,282356,597.146,860,848,0,24645,86.9945
2,4500,merge_packs,332464,331119,279391,526.963,878,848,0,24645,92.092
2,4750,merge_packs,330839,330677,275606,465.029,886,885,0,25091,97.3931
2,5000,reallocate,325481,325481,270987,410.374,898,898,0,24843,102.993
2,5250,reallocate,321162,321075,263829,362.142,904,903,0,24470,108.176
2,5500,mutate_pack_content,315633,315527,258103,319.579,907,907,0,24010,113.543
2,5750,mutate_pack_content,313942,313753,252685,282.019,914,914,0,23988,118.776
2,6000,mutate_pack_content,314584,312817,248650,248.873,916,915,0,23956,123.713
2,6250,mutate_pack_content,310934,310934,244880,219.623,916,916,0,23649,128.435
2,6500,mutate_pack_content,308125,308079,240831,193.81,915,915,0,23479,133.445
2,6750,mutate_pack_content,305186,304780,238148,171.032,915,915,0,23105,138.584
2,7000,mutate_pack_content,303272,303272,232179,150.93,915,915,0,23041,144.285
2,7250,mutate_pack_content,299219,299120,230165,133.191,915,915,0,22431,149.367
2,7500,mutate_pack_content,296997,296815,225934,117.537,915,915,0,22375,154.603
2,7750,mutate_pack_content,296787,296631,220428,103.723,915,915,0,22438,159.869
2,8000,mutate_pack_content,294134,294134,214418,91.5324,915,915,0,22222,165.386
2,8250,mutate_pack_content,289625,289611,210280,80.7745,915,915,0,21588,170.652
2,8500,mutate_pack_content,286167,286108,207722,71.281,915,915,0,21332,175.858
2,8750,mutate_pack_content,281954,281954,204995,62.9033,915,915,0,21041,181.185
2,9000,mutate_pack_content,277075,277075,202820,55.5103,915,915,0,20555,186.712
2,9250,mutate_pack_content,274449,274449,201140,48.9861,915,915,0,20232,191.78
2,9500,mutate_pack_content,272489,272232,199390,43.2287,915,915,0,20053,196.892
2,9750,mutate_pack_content,270342,270342,197600,38.148,915,915,0,19770,202.475
2,10000,mutate_pack_content,267838,267797,195487,33.6645,915,915,0,19497,207.707
2,10250,mutate_pack_content,265939,265862,193941,29.7079,915,915,0,19317,213.513
2,10500,mutate_pack_content,261914,261914,192666,26.2163,915,915,0,19039,219.04
2,10750,mutate_pack_content,259408,259408,191635,23.1351,915,915,0,18828,224.991
2,11000,mutate_pack_content,257651,257637,190126,20.416,915,915,0,18694,230.828
2,11250,mutate_pack_content,255333,255333,189186,18.0165,915,915,0,18448,236.475
2,11500,mutate_pack_content,251252,251252,188429,15.899,915,915,0,18091,242.126
2,11750,mutate_pack_content,249647,249637,187771,14.0304,915,915,0,17845,248.24
2,12000,mutate_pack_content,248090,248086,186510,12.3814,915,915,0,17705,253.916
2,12250,mutate_pack_content,245762,245762,184706,10.9262,915,915,0,17518,260.261
2,12500,mutate_pack_content,244465,244465,184014,9.64202,915,915,0,17411,265.55
2,12750,mutate_pack_content,242958,242958,183041,8.50878,915,915,0,17313,271.665
2,13000,mutate_pack_content,241943,241943,181929,7.50874,915,915,0,17221,278.287
2,13250,mutate_pack_content,241038,241038,180850,6.62623,915,915,0,17067,283.99
2,13500,mutate_pack_content,239652,239652,180519,5.84745,915,915,0,16909,289.433
2,13750,mutate_pack_content,238039,238039,179908,5.16019,915,915,0,16723,295.267
2,14000,mutate_pack_content,237095,237095,179117,4.55371,915,915,0,16595,301.354
2,14250,mutate_pack_content,235779,235773,178767,4.01851,915,915,0,16435,306.903
2,14500,mutate_pack_content,234383,234383,178274,3.54621,915,915,0,16268,312.271
2,14750,mutate_pack_content,232591,232591,178274,3.12942,915,915,0,16075,317.44
2,15000,mutate_pack_content,231757,231757,178274,2.76162,915,915,0,15961,323.101
2,15250,mutate_pack_content,230520,230516,178274,2.43705,915,915,0,15841,328.44
2,15500,mutate_pack_content,229637,229637,178274,2.15062,915,915,0,15726,333.872
2,15750,mutate_pack_content,228972,228972,178274,1.89785,915,915,0,15646,339.408
2,16000,mutate_pack_content,228469,228469,178274,1.6748,915,915,0,15599,344.66
2,16250,mutate_pack_content,226636,226636,178274,1.47796,915,915,0,15398,349.924
2,16500,mutate_pack_content,226165,226165,178274,1.30425,915,915,0,15315,355.152
2,16750,mutate_pack_content,224765,224765,178274,1.15096,915,915,0,15199,360.395
2,17000,mutate_pack_content,224067,224067,178274,1.01569,915,915,0,15116,365.549
2,17250,mutate_pack_content,222355,222355,178274,0.896315,915,915,0,14925,370.717
2,17500,mutate_pack_content,221616,221616,178274,0.79097,915,915,0,14796,375.873
2,17750,mutate_pack_content,220757,220757,178274,0.698007,915,915,0,14730,381.023
2,18000,mutate_pack_content,220307,220307,178274,0.61597,915,915,0,14650,385.971
2,18250,mutate_pack_content,219392,219392,178274,0.543574,915,915,0,14554,391.072
2,18500,mutate_pack_content,218888,218888,178274,0.479688,915,915,0,14494,395.975
2,18750,mutate_pack_content,217981,217981,178274,0.42331,915,915,0,14362,400.798
2,19000,mutate_pack_content,217538,217538,178274,0.373558,915,915,0,14293,405.613
2,19250,mutate_pack_content,216560,216560,178274,0.329653,915,915,0,14154,410.016
2,19500,mutate_pack_content,216207,216207,178274,0.290909,915,915,0,14103,413.832
2,19750,mutate_pack_content,215582,215582,178274,0.256718,915,915,0,14045,417.557
2,20000,mutate_pack_content,214475,214475,178274,0.226546,915,915,0,13942,421.303
3,1,reallocate,650164,650129,648276,5000,497,497,0,0,0.115035
3,250,mutate_pack_content,552715,552283,381606,4414.55,518,517,0,2600,5.64777
3,500,mutate_pack_content,382085,381386,305565,3895.71,528,527,0,8339,12.1299
3,750,mutate_pack_content,353857,352863,292386,3437.84,528,528,0,11804,18.3419
3,1000,reallocate,341531,341018,292386,3033.79,530,530,0,15418,24.4219
3,1250,reallocate,338949,337869,292386,2677.23,530,530,0,17871,29.4784
3,1500,merge_packs,339156,336264,292386,2362.57,526,530,0,18840,35.0136
3,1750,reallocate,338463,335541,292386,2084.9,527,526,0,19170,40.0316
3,2000,reallocate,337594,334894,292386,1839.86,530,529,0,20214,44.6375
3,2250,reallocate,332052,328925,292386,1623.62,529,530,0,20073,49.7295
3,2500,reallocate,329743,328925,292386,1432.79,530,530,0,20073,54.603
3,2750,reallocate,326043,325782,292386,1264.4,530,529,0,20941,59.3444
3,3000,reallocate,330737,325782,292386,1115.79,529,529,0,20941,64.0456
3,3250,mutate_pack_content,334468,325782,292386,984.651,527,529,0,20941,68.8432
3,3500,reallocate,328520,325782,290115,868.924,525,529,0,20941,73.4506
3,3750,reallocate,326360,325782,282533,766.799,525,529,0,20941,78.6493
3,4000,reallocate,320966,320641,282356,676.676,527,527,0,22327,83.611
3,4250,reallocate,319847,318584,282356,597.146,527,527,0,22206,88.0648
3,4500,reallocate,316519,316315,278540,526.963,526,526,0,22168,92.8172
3,4750,reallocate,314898,314898,275606,465.029,525,525,0,22455,97.5232
3,5000,reallocate,316721,313974,272855,410.374,526,526,0,22281,102.569
3,5250,reallocate,313925,313636,265980,362.142,527,527,0,22506,106.961
3,5500,reallocate,312208,311874,261649,319.579,527,527,0,22254,111.633
3,5750,reallocate,311078,310636,256572,282.019,527,527,0,22114,116.23
3,6000,reallocate,312153,310636,251491,248.873,527,527,0,22114,120.889
3,6250,reallocate,309993,309689,248290,219.623,527,527,0,21907,125.745
3,6500,reallocate,308175,307185,243688,193.81,527,527,0,21659,130.62
3,6750,reallocate,306297,306271,239983,171.032,527,527,0,21952,135.056
3,7000,reallocate,302922,302922,236295,150.93,527,527,0,21535,140.089
3,7250,reallocate,301285,301239,231730,133.191,527,527,0,21253,144.958
3,7500,reallocate,299876,299520,230165,117.537,527,527,0,21280,149.9
3,7750,reallocate,295408,295408,225899,103.723,527,527,0,21119,155.172
3,8000,reallocate,292013,291973,220323,91.5324,527,527,0,20849,160.158
3,8250,reallocate,291922,291327,214582,80.7745,527,527,0,20789,165.274
3,8500,reallocate,290307,290122,210280,71.281,527,527,0,20590,170.367
3,8750,reallocate,288342,288172,208100,62.9033,527,527,0,20496,175.268
3,9000,reallocate,286770,286770,205523,55.5103,527,527,0,20313,180.12
3,9250,reallocate,285734,285681,203158,48.9861,527,527,0,20296,185.299
3,9500,reallocate,284667,284667,201491,43.2287,527,527,0,20112,190.293
3,9750,reallocate,281786,281781,199837,38.148,527,527,0,19967,195.523
3,10000,reallocate,279558,279558,197917,33.6645,527,527,0,19776,200.295
3,10250,reallocate,278041,278041,196270,29.7079,527,527,0,19657,205.124
3,10500,reallocate,276608,276608,194958,26.2163,527,527,0,19413,210.354
3,10750,reallocate,274789,274789,193419,23.1351,527,527,0,19359,215.573
3,11000,reallocate,274203,274200,192296,20.416,527,527,0,19257,220.293
3,11250,reallocate,273255,273255,191395,18.0165,527,527,0,19252,225.92
3,11500,reallocate,272134,272071,190081,15.899,527,527,0,19081,231.365
3,11750,reallocate,269911,269911,189001,14.0304,527,527,0,18910,236.906
3,12000,reallocate,268740,268740,188385,12.3814,527,527,0,18768,242.259
3,12250,reallocate,267243,267243,187771,10.9262,527,527,0,18772,248.021
3,12500,reallocate,266697,266665,186568,9.64202,527,527,0,18731,253.444
3,12750,reallocate,265602,265602,184849,8.50878,527,527,0,18667,259.414
3,13000,reallocate,264562,264559,184028,7.50874,527,527,0,18540,264.987
3,13250,reallocate,263881,263881,183093,6.62623,527,527,0,18417,270.524
3,13500,reallocate,262906,262906,182214,5.84745,527,527,0,18326,276.696
3,13750,reallocate,262162,262162,181113,5.16019,527,527,0,18235,282.615
3,14000,reallocate,261221,261221,180792,4.55371,527,527,0,18160,287.963
3,14250,reallocate,259997,259997,180148,4.01851,527,527,0,18038,293.477
3,14500,reallocate,259100,259100,179411,3.54621,527,527,0,17931,299.689
3,14750,reallocate,258328,258328,178893,3.12942,527,527,0,17851,305.075
3,15000,reallocate,257286,257286,178335,2.76162,527,527,0,17750,310.394
3,15250,reallocate,256864,256864,178274,2.43705,527,527,0,17661,315.529
3,15500,reallocate,256460,256460,178274,2.15062,527,527,0,17611,320.821
3,15750,reallocate,256194,256194,178274,1.89785,527,527,0,17639,325.962
3,16000,reallocate,255948,255948,178274,1.6748,527,527,0,17592,331.117
3,16250,reallocate,255431,255431,178274,1.47796,527,527,0,17567,336.129
3,16500,reallocate,254806,254806,178274,1.30425,527,527,0,17509,341.017
3,16750,reallocate,254378,254378,178274,1.15096,527,527,0,17426,345.887
3,17000,reallocate,254172,254172,178274,1.01569,527,527,0,17410,351.031
3,17250,reallocate,253964,253964,178274,0.896315,527,527,0,17392,356.001
3,17500,reallocate,253712,253712,178274,0.79097,527,527,0,17362,360.958
3,17750,reallocate,253330,253330,178274,0.698007,527,527,0,17308,366.064
3,18000,reallocate,252709,252709,178274,0.61597,527,527,0,17240,370.733
3,18250,reallocate,252287,252287,178274,0.543574,527,527,0,17194,375.673
3,18500,reallocate,252036,252036,178274,0.479688,527,527,0,17156,380.277
3,18750,reallocate,251465,251465,178274,0.42331,527,527,0,17114,385.237
3,19000,reallocate,251119,251119,178274,0.373558,527,527,0,17030,390.074
3,19250,reallocate,250507,250507,178274,0.329653,527,527,0,16959,395.117
3,19500,reallocate,249757,249757,178274,0.290909,527,527,0,16892,399.758
3,19750,reallocate,249283,249283,178274,0.256718,527,527,0,16861,404.703
3,20000,reallocate,249027,249027,178274,0.226546,527,527,0,16816,409.205
4,1,merge_packs,650129,650129,648276,5000,495,494,0,0,0.106833
4,250,reallocate,439008,439008,381606,4414.55,526,526,0,3301,5.72519
4,500,mutate_pack_content,358187,357781,306629,3895.71,543,542,0,9220,11.7929
4,750,reallocate,336020,335887,292386,3437.84,557,557,0,13910,18.5515
4,1000,reallocate,335810,335810,292386,3033.79,561,561,0,16625,24.4505
4,1250,reallocate,328527,328341,292386,2677.23,563,563,0,17819,30.037
4,1500,mutate_pack_content,329174,326691,292386,2362.57,563,564,0,18161,34.9932
4,1750,reallocate,332610,326691,292386,2084.9,563,564,0,18161,40.0065
4,2000,reallocate,330279,326691,292386,1839.86,564,564,0,18161,44.9787
4,2250,reallocate,327124,326350,292386,1623.62,565,565,0,21384,49.8903
4,2500,reallocate,325592,323410,292386,1432.79,563,563,0,21571,54.5961
4,2750,reallocate,321589,320967,292386,1264.4,562,562,0,22547,59.1318
4,3000,reallocate,324534,320967,292386,1115.79,564,562,0,22547,63.9332
4,3250,reallocate,325904,320967,292386,984.651,564,562,0,22547,68.479
4,3500,reallocate,325797,320967,291577,868.924,565,562,0,22547,72.6557
4,3750,reallocate,325803,320967,283284,766.799,565,562,0,22547,77.1458
4,4000,reallocate,324351,320967,282356,676.676,565,562,0,22547,81.6312
4,4250,reallocate,323751,320967,282356,597.146,564,562,0,22547,85.8967
4,4500,reallocate,324591,320763,280948,526.963,564,564,0,24876,90.4739
4,4750,reallocate,323610,320763,276193,465.029,565,564,0,24876,95.2003
4,5000,reallocate,323644,320763,275330,410.374,565,564,0,24876,99.6867
4,5250,reallocate,324202,320763,270030,362.142,565,564,0,24876,104.59
4,5500,reallocate,321666,320525,262917,319.579,565,565,0,25443,109.31
4,5750,reallocate,321054,320525,258041,282.019,567,565,0,25443,113.888
4,6000,reallocate,321069,320525,252685,248.873,568,565,0,25443,118.546
4,6250,reallocate,320580,320233,248772,219.623,568,568,0,25554,123.166
4,6500,reallocate,318772,317336,246907,193.81,568,568,0,25461,127.541
4,6750,reallocate,314347,314162,241837,171.032,569,569,0,25293,132.231
4,7000,reallocate,311835,311835,238652,150.93,569,569,0,25279,137.011
4,7250,reallocate,308332,308168,234081,133.191,569,569,0,24997,141.933
4,7500,reallocate,307002,306118,231250,117.537,569,569,0,24737,146.927
4,7750,reallocate,303897,303818,228103,103.723,569,569,0,24363,151.878
4,8000,reallocate,300431,300278,222910,91.5324,569,569,0,24075,157.321
4,8250,reallocate,297826,297826,218879,80.7745,569,569,0,23816,162.254
4,8500,reallocate,296249,296031,213785,71.281,569,569,0,23597,167.289
4,8750,reallocate,291163,291163,209872,62.9033,569,569,0,23145,172.261
4,9000,reallocate,288998,288987,206800,55.5103,569,569,0,22913,176.989
4,9250,reallocate,287124,287081,204601,48.9861,569,569,0,22797,181.951
4,9500,reallocate,284310,284283,202820,43.2287,569,569,0,22555,186.76
4,9750,reallocate,282990,282990,201025,38.148,569,569,0,22589,191.891
4,10000,reallocate,281147,281048,199247,33.6645,569,569,0,22414,197.095
4,10250,reallocate,279708,279708,197741,29.7079,569,569,0,22268,202.163
4,10500,reallocate,277851,277851,195575,26.2163,569,569,0,22067,207.398
4,10750,reallocate,276071,276071,194017,23.1351,569,569,0,21990,212.811
4,11000,reallocate,274483,274483,192890,20.416,569,569,0,21885,218.078
4,11250,reallocate,272839,272839,191828,18.0165,569,569,0,21739,223.672
4,11500,reallocate,271482,271469,190324,15.899,569,569,0,21590,229.497
4,11750,reallocate,270695,270685,189739,14.0304,569,569,0,21513,235.022
4,12000,reallocate,269318,269318,188623,12.3814,569,569,0,21341,240.615
4,12250,reallocate,268176,268166,187840,10.9262,569,569,0,21263,245.98
4,12500,reallocate,267236,267236,186933,9.64202,569,569,0,21154,251.432
4,12750,reallocate,266554,266554,185380,8.50878,569,569,0,21083,257.213
4,13000,reallocate,265798,265798,184131,7.50874,569,569,0,20976,263.101
4,13250,reallocate,265059,265059,183226,6.62623,569,569,0,20855,268.662
4,13500,reallocate,264544,264521,182787,5.84745,569,569,0,20841,274.749
4,13750,reallocate,263785,263785,181592,5.16019,569,569,0,20823,280.799
4,14000,reallocate,262781,262781,180814,4.55371,569,569,0,20678,286.263
4,14250,reallocate,261967,261956,180299,4.01851,569,569,0,20557,291.497
4,14500,reallocate,260916,260916,179712,3.54621,569,569,0,20454,297.251
4,14750,reallocate,259229,259229,178968,3.12942,569,569,0,20279,302.98
4,15000,reallocate,258893,258893,178607,2.76162,569,569,0,20175,308.219
4,15250,reallocate,258364,258364,178274,2.43705,569,569,0,20111,313.359
4,15500,reallocate,257988,257987,178274,2.15062,569,569,0,20031,318.526
4,15750,reallocate,257420,257420,178274,1.89785,569,569,0,20001,323.64
4,16000,reallocate,256707,256707,178274,1.6748,569,569,0,19910,328.907
4,16250,reallocate,256472,256472,178274,1.47796,569,569,0,19900,333.986
4,16500,reallocate,255922,255922,178274,1.30425,569,569,0,19873,339.187
4,16750,reallocate,255203,255203,178274,1.15096,569,569,0,19752,344.365
4,17000,reallocate,254825,254825,178274,1.01569,569,569,0,19708,349.275
4,17250,reallocate,254158,254158,178274,0.896315,569,569,0,19638,354.098
4,17500,reallocate,253650,253650,178274,0.79097,569,569,0,19579,359.244
4,17750,reallocate,252934,252934,178274,0.698007,569,569,0,19513,363.757
4,18000,reallocate,252306,252306,178274,0.61597,569,569,0,19413,368.685
4,18250,reallocate,251932,251932,178274,0.543574,569,569,0,19314,373.533
4,18500,reallocate,251369,251369,178274,0.479688,569,569,0,19221,378.106
4,18750,reallocate,251105,251105,178274,0.42331,569,569,0,19203,382.989
4,19000,reallocate,250804,250804,178274,0.373558,569,569,0,19153,387.946
4,19250,reallocate,250269,250269,178274,0.329653,569,569,0,19133,392.762
4,19500,reallocate,250214,250214,178274,0.290909,569,569,0,19127,397.487
4,19750,reallocate,249793,249793,178274,0.256718,569,569,0,19072,402.199
4,20000,reallocate,249532,249532,178274,0.226546,569,569,0,19029,406.944
5,1,add_curve_pack,650129,650129,648276,5000,491,490,0,0,0.102676
5,250,merge_packs,399746,399746,381606,4414.55,554,554,0,5982,5.74286
5,500,mutate_pack_content,327445,327106,305890,3895.71,602,600,0,14626,11.9684
5,750,merge_packs,316895,315392,292386,3437.84,650,640,0,17655,18.0333
5,1000,merge_packs,311114,307554,292386,3033.79,685,683,0,18408,23.4579
5,1250,reallocate,308944,305632,292386,2677.23,723,694,0,19553,28.6225
5,1500,mutate_pack_content,312893,305632,292386,2362.57,764,694,0,19553,33.5852
5,1750,mutate_pack_content,311867,305632,292386,2084.9,793,694,0,19553,38.7069
5,2000,mutate_pack_content,317536,305632,292386,1839.86,818,694,0,19553,43.6623
5,2250,reallocate,321944,305632,292386,1623.62,854,694,0,19553,48.7909
5,2500,mutate_pack_content,324261,305632,292386,1432.79,886,694,0,19553,53.6742
5,2750,mutate_pack_content,325142,305632,292386,1264.4,918,694,0,19553,58.7905
5,3000,mutate_pack_content,323050,305632,292386,1115.79,949,694,0,19553,64.1573
5,3250,reallocate,326147,305632,292386,984.651,999,694,0,19553,69.4363
5,3500,mutate_pack_content,328327,305632,288644,868.924,1034,694,0,19553,74.523
5,3750,add_curve_pack,330288,305632,282356,766.799,1058,694,0,19553,80.4324
5,4000,split_pack,328291,305632,282356,676.676,1101,694,0,19553,85.9874
5,4250,mutate_pack_content,332027,305632,280106,597.146,1147,694,0,19553,91.4993
5,4500,reallocate,331373,305632,275606,526.963,1183,694,0,19553,97.998
5,4750,mutate_pack_content,329660,305632,269944,465.029,1222,694,0,19553,104.652
5,5000,split_pack,328662,305632,261649,410.374,1271,694,0,19553,110.856
5,5250,add_curve_pack,330512,305632,254202,362.142,1301,694,0,19553,117.132
5,5500,reallocate,330323,305632,248650,319.579,1351,694,0,19553,123.684
5,5750,mutate_pack_content,328471,305632,243735,282.019,1383,694,0,19553,130.464
5,6000,reallocate,327917,305632,238652,248.873,1425,694,0,19553,136.967
5,6250,mutate_pack_content,327192,305632,231941,219.623,1469,694,0,19553,144.583
5,6500,merge_packs,325790,305632,227777,193.81,1514,694,0,19553,152.097
5,6750,merge_packs,325082,305632,220400,171.032,1553,694,0,19553,160.091
5,7000,add_curve_pack,325427,305632,212707,150.93,1587,694,0,19553,168.45
5,7250,add_curve_pack,323824,305632,207576,133.191,1640,694,0,19553,176.323
5,7500,merge_packs,320783,305632,203248,117.537,1674,694,0,19553,184.884
5,7750,merge_packs,319247,305632,200501,103.723,1715,694,0,19553,193.664
5,8000,merge_packs,317622,305632,197586,91.5324,1745,694,0,19553,202.641
5,8250,mutate_pack_content,316161,305632,194065,80.7745,1792,694,0,19553,211.995
5,8500,mutate_pack_content,315339,305632,192240,71.281,1848,694,0,19553,221.049
5,8750,mutate_pack_content,314857,305632,190086,62.9033,1909,694,0,19553,231.303
5,9000,mutate_pack_content,314259,305632,188466,55.5103,1949,694,0,19553,241.902
5,9250,reallocate,313837,305632,186730,48.9861,1995,694,0,19553,252.59
5,9500,add_curve_pack,312982,305632,184074,43.2287,2034,694,0,19553,263.799
5,9750,merge_packs,312063,305632,182373,38.148,2082,694,0,19553,275.748
5,10000,mutate_pack_content,311904,305632,180798,33.6645,2118,694,0,19553,287.531
5,10250,merge_packs,310783,305632,179522,29.7079,2152,694,0,19553,299.368
5,10500,merge_packs,310025,305632,178335,26.2163,2195,694,0,19553,310.669
5,10750,mutate_pack_content,308646,305632,178274,23.1351,2242,694,0,19553,321.832
5,11000,split_pack,307777,305632,178274,20.416,2284,694,0,19553,333.026
5,11250,reallocate,306277,305632,178274,18.0165,2323,694,0,19553,344.291
5,11500,mutate_pack_content,305053,305053,178274,15.899,2368,2359,0,22293,355.637
5,11750,remove_pack,304860,304860,178274,14.0304,2414,2414,0,22283,367.5
5,12000,split_pack,304612,304612,178274,12.3814,2448,2445,0,22256,378.853
5,12250,mutate_pack_content,304412,304412,178274,10.9262,2488,2486,0,22224,390.269
5,12500,mutate_pack_content,303670,303670,178274,9.64202,2512,2511,0,22166,401.45
5,12750,mutate_pack_content,301881,301855,178274,8.50878,2525,2524,0,22048,411.649
5,13000,mutate_pack_content,301482,301473,178274,7.50874,2539,2537,0,21977,420.622
5,13250,mutate_pack_content,300643,300643,178274,6.62623,2554,2553,0,21811,428.491
5,13500,mutate_pack_content,299600,299600,178274,5.84745,2565,2565,0,21700,436.244
5,13750,mutate_pack_content,298653,298653,178274,5.16019,2567,2567,0,21622,444.34
5,14000,mutate_pack_content,296550,296550,178274,4.55371,2570,2570,0,21408,452.507
5,14250,mutate_pack_content,295446,295446,178274,4.01851,2571,2571,0,21371,460.701
5,14500,mutate_pack_content,294700,294700,178274,3.54621,2570,2570,0,21291,468.458
5,14750,mutate_pack_content,293754,293750,178274,3.12942,2570,2570,0,21232,475.462
5,15000,mutate_pack_content,293115,293115,178274,2.76162,2570,2570,0,21123,482.456
5,15250,mutate_pack_content,292559,292559,178274,2.43705,2570,2570,0,21054,489.056
5,15500,mutate_pack_content,291576,291576,178274,2.15062,2570,2570,0,20933,495.966
5,15750,mutate_pack_content,290408,290408,178274,1.89785,2570,2570,0,20896,503.054
5,16000,mutate_pack_content,289616,289616,178274,1.6748,2570,2570,0,20725,510.397
5,16250,mutate_pack_content,289002,288998,178274,1.47796,2570,2570,0,20673,517.544
5,16500,mutate_pack_content,288339,288339,178274,1.30425,2570,2570,0,20611,523.863
5,16750,mutate_pack_content,287509,287509,178274,1.15096,2570,2570,0,20500,529.95
5,17000,mutate_pack_content,286743,286743,178274,1.01569,2570,2570,0,20392,536.541
5,17250,mutate_pack_content,286510,286510,178274,0.896315,2570,2570,0,20344,544.136
5,17500,mutate_pack_content,286100,286100,178274,0.79097,2570,2570,0,20306,550.853
5,17750,mutate_pack_content,284894,284894,178274,0.698007,2570,2570,0,20196,557.86
5,18000,mutate_pack_content,284056,284056,178274,0.61597,2570,2570,0,20102,564.014
5,18250,mutate_pack_content,282573,282573,178274,0.543574,2570,2570,0,19974,569.558
5,18500,mutate_pack_content,281807,281807,178274,0.479688,2570,2570,0,19917,576.985
5,18750,mutate_pack_content,281545,281545,178274,0.42331,2570,2570,0,19888,583.538
5,19000,mutate_pack_content,280645,280645,178274,0.373558,2570,2570,0,19819,590.556
5,19250,mutate_pack_content,279860,279860,178274,0.329653,2570,2570,0,19754,597.307
5,19500,mutate_pack_content,279398,279398,178274,0.290909,2570,2570,0,19693,604.303
5,19750,mutate_pack_content,277628,277628,178274,0.256718,2570,2570,0,19571,611.532
5,20000,mutate_pack_content,276764,276764,178274,0.226546,2570,2570,0,19499,618.767
6,1,merge_packs,650129,650129,650129,5000,499,499,0,0,0.0969898
6,250,split_pack,463688,463688,381606,4414.55,541,541,0,4119,5.7174
6,500,mutate_pack_content,381497,380672,306629,3895.71,567,565,0,8851,11.7717
6,750,reallocate,323917,323733,292386,3437.84,583,582,0,14074,17.6497
6,1000,mutate_pack_content,315834,314917,292386,3033.79,597,595,0,18452,23.1737
6,1250,mutate_pack_content,313263,313263,292386,2677.23,604,604,0,20707,27.8387
6,1500,mutate_pack_content,306562,306119,292386,2362.57,603,603,0,20182,31.8186
6,1750,mutate_pack_content,308757,304584,292386,2084.9,609,601,0,20194,35.8733
6,2000,mutate_pack_content,310131,304584,292386,1839.86,610,601,0,20194,40.3542
6,2250,remove_pack,308683,304304,292386,1623.62,621,613,0,21198,44.2843
6,2500,mutate_pack_content,306728,304304,292386,1432.79,623,613,0,21198,48.4177
6,2750,mutate_pack_content,306266,301164,292386,1264.4,625,626,0,21848,52.5318
6,3000,mutate_pack_content,302057,300525,292386,1115.79,630,625,0,21809,56.8228
6,3250,mutate_pack_content,300184,298475,292386,984.651,635,632,0,21615,60.8944
6,3500,mutate_pack_content,295830,295493,292386,868.924,636,636,0,21089,64.891
6,3750,mutate_pack_content,296882,293377,292386,766.799,640,638,0,21133,68.6759
6,4000,mutate_pack_content,294428,293377,291577,676.676,641,638,0,21133,72.6543
6,4250,mutate_pack_content,292351,291261,283933,597.146,641,641,0,21267,76.5929
6,4500,mutate_pack_content,291681,291101,282356,526.963,642,642,0,21492,80.9528
6,4750,mutate_pack_content,291316,290989,282356,465.029,643,642,0,21276,85.1773
6,5000,mutate_pack_content,287173,286279,282261,410.374,644,644,0,20739,89.3713
6,5250,mutate_pack_content,285294,285294,277425,362.142,644,644,0,20623,93.6306
6,5500,mutate_pack_content,282898,282753,275606,319.579,644,644,0,20310,97.9524
6,5750,mutate_pack_content,279130,279130,272915,282.019,646,646,0,19746,102.466
6,6000,mutate_pack_content,274882,274644,266207,248.873,646,646,0,19232,106.842
6,6250,mutate_pack_content,273424,273340,261649,219.623,646,646,0,19036,111.204
6,6500,mutate_pack_content,272448,272448,257089,193.81,645,645,0,19077,115.493
6,6750,mutate_pack_content,269872,269872,252003,171.032,645,645,0,19133,119.743
6,7000,mutate_pack_content,267748,267140,248594,150.93,645,645,0,18776,124.32
6,7250,mutate_pack_content,264936,264081,244873,133.191,645,645,0,18467,128.494
6,7500,mutate_pack_content,261394,261394,241749,117.537,645,645,0,18112,132.584
6,7750,mutate_pack_content,259886,259594,238652,103.723,645,645,0,18199,136.871
6,8000,mutate_pack_content,254758,254758,234928,91.5324,645,645,0,17896,141.275
6,8250,mutate_pack_content,252057,252057,231697,80.7745,645,645,0,17779,145.733
6,8500,mutate_pack_content,246996,246927,230047,71.281,645,645,0,16971,150.098
6,8750,mutate_pack_content,245600,245476,225918,62.9033,645,645,0,16805,154.663
6,9000,mutate_pack_content,241727,241727,220830,55.5103,645,645,0,16562,159.207
6,9250,mutate_pack_content,239694,239585,215701,48.9861,645,645,0,16406,163.462
6,9500,mutate_pack_content,236986,236917,213175,43.2287,645,645,0,16117,168.039
6,9750,mutate_pack_content,234399,234399,209872,38.148,645,645,0,15860,172.23
6,10000,mutate_pack_content,231140,231140,207420,33.6645,645,645,0,15667,176.412
6,10250,mutate_pack_content,229390,229390,205060,29.7079,645,645,0,15342,180.743
6,10500,mutate_pack_content,226938,226915,203248,26.2163,645,645,0,15110,184.944
6,10750,mutate_pack_content,224852,224852,201742,23.1351,645,645,0,15000,189.194
6,11000,mutate_pack_content,223164,223137,200683,20.416,645,645,0,14902,193.571
6,11250,mutate_pack_content,221552,221545,198837,18.0165,645,645,0,14776,198.007
6,11500,mutate_pack_content,219246,219214,197600,15.899,645,645,0,14613,202.567
6,11750,mutate_pack_content,217400,217400,195607,14.0304,645,645,0,14467,207.095
6,12000,mutate_pack_content,216311,216311,194428,12.3814,645,645,0,14382,211.843
6,12250,mutate_pack_content,214346,214346,193406,10.9262,645,645,0,14202,216.407
6,12500,mutate_pack_content,212634,212629,192281,9.64202,645,645,0,14072,220.586
6,12750,mutate_pack_content,211513,211513,191635,8.50878,645,645,0,13976,225.047
6,13000,mutate_pack_content,210862,210862,190245,7.50874,645,645,0,13882,229.87
6,13250,mutate_pack_content,209404,209404,189747,6.62623,645,645,0,13726,234.702
6,13500,mutate_pack_content,208339,208339,188798,5.84745,645,645,0,13633,239.15
6,13750,mutate_pack_content,207199,207199,188275,5.16019,645,645,0,13428,244.077
6,14000,mutate_pack_content,205588,205588,187429,4.55371,645,645,0,13272,249.084
6,14250,mutate_pack_content,204820,204820,186510,4.01851,645,645,0,13275,253.709
6,14500,mutate_pack_content,203858,203858,184996,3.54621,645,645,0,13183,258.482
6,14750,mutate_pack_content,202728,202728,184131,3.12942,645,645,0,13100,263.151
6,15000,mutate_pack_content,202021,202021,183615,2.76162,645,645,0,13028,267.752
6,15250,mutate_pack_content,201311,201311,182936,2.43705,645,645,0,12949,272.854
6,15500,mutate_pack_content,201087,201087,182050,2.15062,645,645,0,12918,278.178
6,15750,mutate_pack_content,200676,200676,181065,1.89785,645,645,0,12887,283.209
6,16000,mutate_pack_content,200062,200062,180792,1.6748,645,645,0,12872,287.87
6,16250,mutate_pack_content,199306,199306,180173,1.47796,645,645,0,12819,292.548
6,16500,mutate_pack_content,198581,198581,179712,1.30425,645,645,0,12729,297.365
6,16750,mutate_pack_content,198236,198236,179002,1.15096,645,645,0,12701,302.285
6,17000,mutate_pack_content,197561,197561,178767,1.01569,645,645,0,12638,306.535
6,17250,mutate_pack_content,197318,197318,178335,0.896315,645,645,0,12592,310.915
6,17500,mutate_pack_content,196842,196842,178274,0.79097,645,645,0,12523,315.124
6,17750,mutate_pack_content,195922,195922,178274,0.698007,645,645,0,12459,319.407
6,18000,mutate_pack_content,195654,195654,178274,0.61597,645,645,0,12471,323.817
6,18250,mutate_pack_content,194476,194476,178274,0.543574,645,645,0,12325,328.095
6,18500,mutate_pack_content,193882,193882,178274,0.479688,645,645,0,12244,332.324
6,18750,mutate_pack_content,193561,193561,178274,0.42331,645,645,0,12155,336.75
6,19000,mutate_pack_content,193113,193113,178274,0.373558,645,645,0,12136,341.249
6,19250,mutate_pack_content,192795,192795,178274,0.329653,645,645,0,12108,345.369
6,19500,mutate_pack_content,192395,192395,178274,0.290909,645,645,0,12026,349.683
6,19750,mutate_pack_content,191616,191616,178274,0.256718,645,645,0,11958,353.659
6,20000,mutate_pack_content,191051,191051,178274,0.226546,645,645,0,11867,358.008
7,1,mutate_pack_content,648276,648276,648276,5000,488,488,0,0,0.101955
7,250,remove_pack,460911,460881,384341,4414.55,536,537,0,2473,5.37286
7,500,merge_packs,313509,313509,313509,3895.71,561,560,0,8773,11.171
7,750,add_curve_pack,294909,292386,292386,3437.84,588,584,0,13253,16.8401
7,1000,mutate_pack_content,295367,292386,292386,3033.79,608,584,0,13253,22.2031
7,1250,mutate_pack_content,297346,292386,292386,2677.23,629,584,0,13253,26.9639
7,1500,remove_pack,293447,292386,292386,2362.57,642,584,0,13253,31.9213
7,1750,mutate_pack_content,300118,292386,292386,2084.9,664,584,0,13253,36.2029
7,2000,mutate_pack_content,300062,292386,292386,1839.86,698,584,0,13253,40.667
7,2250,mutate_pack_content,304318,292386,292386,1623.62,724,584,0,13253,45.615
7,2500,reallocate,311926,292386,292386,1432.79,738,584,0,13253,50.0802
7,2750,split_pack,312515,292386,292386,1264.4,769,584,0,13253,54.6926
7,3000,remove_pack,313657,292386,292386,1115.79,784,584,0,13253,59.2525
7,3250,reallocate,314853,292386,292386,984.651,819,584,0,13253,63.6991
7,3500,split_pack,316699,292386,292386,868.924,845,584,0,13253,68.3724
7,3750,merge_packs,316885,292386,290115,766.799,882,584,0,13253,73.421
7,4000,mutate_pack_content,317570,292386,282533,676.676,899,584,0,13253,78.6426
7,4250,merge_packs,316454,292386,282356,597.146,926,584,0,13253,83.6728
7,4500,split_pack,315499,292386,282356,526.963,947,584,0,13253,88.3232
7,4750,mutate_pack_content,316534,292386,277425,465.029,968,584,0,13253,93.5034
7,5000,remove_pack,318421,292386,275330,410.374,1009,584,0,13253,99.0197
7,5250,reallocate,315256,292386,269910,362.142,1030,584,0,13253,104.698
7,5500,split_pack,314176,292386,261991,319.579,1051,584,0,13253,110.283
7,5750,mutate_pack_content,310083,292386,256572,282.019,1066,584,0,13253,115.862
7,6000,mutate_pack_content,308090,292386,251491,248.873,1087,584,0,13253,121.512
7,6250,reallocate,305831,292386,247690,219.623,1090,584,0,13253,127
7,6500,mutate_pack_content,305388,292386,241749,193.81,1125,584,0,13253,132.717
7,6750,mutate_pack_content,304109,292386,238148,171.032,1157,584,0,13253,138.571
7,7000,reallocate,303782,292386,231730,150.93,1197,584,0,13253,145.017
7,7250,mutate_pack_content,303029,292386,228353,133.191,1222,584,0,13253,151.213
7,7500,mutate_pack_content,300280,292386,221777,117.537,1256,584,0,13253,157.848
7,7750,split_pack,295564,292386,214838,103.723,1279,584,0,13253,164.676
7,8000,merge_packs,294363,292386,210181,91.5324,1306,584,0,13253,171.387
7,8250,mutate_pack_content,293099,292386,206021,80.7745,1331,584,0,13253,178.215
7,8500,merge_packs,290915,290894,203248,71.281,1359,1355,0,20104,184.997
7,8750,reallocate,289639,289639,200909,62.9033,1380,1377,0,20044,192.074
7,9000,reallocate,288240,288240,198525,55.5103,1393,1393,0,19835,199.347
7,9250,reallocate,286314,286304,195881,48.9861,1410,1409,0,19838,206.567
7,9500,reallocate,284284,284284,193839,43.2287,1442,1442,0,19682,214.169
7,9750,mutate_pack_content,282949,282940,192190,38.148,1458,1457,0,19577,221.224
7,10000,mutate_pack_content,282195,282099,190504,33.6645,1466,1466,0,19550,228.969
7,10250,add_curve_pack,280738,280734,189022,29.7079,1476,1474,0,19344,236.842
7,10500,mutate_pack_content,279458,279446,188225,26.2163,1478,1478,0,19215,244.253
7,10750,mutate_pack_content,277904,277904,186733,23.1351,1483,1483,0,19056,252.116
7,11000,mutate_pack_content,276709,276709,184706,20.416,1481,1481,0,18921,260.163
7,11250,mutate_pack_content,274992,274992,183615,18.0165,1483,1483,0,18817,267.781
7,11500,mutate_pack_content,273761,273694,182288,15.899,1483,1483,0,18681,276.526
7,11750,mutate_pack_content,272436,272427,180850,14.0304,1483,1483,0,18533,284.498
7,12000,mutate_pack_content,270896,270896,180211,12.3814,1484,1484,0,18401,292.167
7,12250,mutate_pack_content,269337,269328,179366,10.9262,1484,1484,0,18231,300.204
7,12500,mutate_pack_content,268416,268416,178757,9.64202,1484,1484,0,18192,307.461
7,12750,mutate_pack_content,267036,267036,178274,8.50878,1484,1484,0,18049,314.635
7,13000,mutate_pack_content,266050,266048,178274,7.50874,1484,1484,0,17908,321.556
7,13250,mutate_pack_content,264765,264765,178274,6.62623,1484,1484,0,17776,328.145
7,13500,mutate_pack_content,263828,263828,178274,5.84745,1484,1484,0,17672,335.29
7,13750,mutate_pack_content,263137,263137,178274,5.16019,1484,1484,0,17603,342.04
7,14000,mutate_pack_content,261982,261982,178274,4.55371,1484,1484,0,17521,348.659
7,14250,mutate_pack_content,261107,261106,178274,4.01851,1484,1484,0,17445,355.289
7,14500,mutate_pack_content,260240,260240,178274,3.54621,1484,1484,0,17366,362.228
7,14750,mutate_pack_content,259091,259091,178274,3.12942,1484,1484,0,17266,369.352
7,15000,mutate_pack_content,258105,258105,178274,2.76162,1484,1484,0,17144,376.192
7,15250,mutate_pack_content,257226,257226,178274,2.43705,1484,1484,0,17046,382.848
7,15500,mutate_pack_content,256669,256669,178274,2.15062,1484,1484,0,16997,389.43
7,15750,mutate_pack_content,254923,254923,178274,1.89785,1484,1484,0,16848,396.013
7,16000,mutate_pack_content,253912,253912,178274,1.6748,1484,1484,0,16736,402.398
7,16250,mutate_pack_content,252752,252752,178274,1.47796,1484,1484,0,16618,408.785
7,16500,mutate_pack_content,251991,251991,178274,1.30425,1484,1484,0,16507,414.071
7,16750,mutate_pack_content,250949,250949,178274,1.15096,1484,1484,0,16390,419.089
7,17000,mutate_pack_content,249989,249989,178274,1.01569,1484,1484,0,16244,424.278
7,17250,mutate_pack_content,249191,249191,178274,0.896315,1484,1484,0,16173,428.878
7,17500,mutate_pack_content,248433,248433,178274,0.79097,1484,1484,0,16107,433.072
7,17750,mutate_pack_content,247761,247761,178274,0.698007,1484,1484,0,15993,437.591
7,18000,mutate_pack_content,246625,246625,178274,0.61597,1484,1484,0,15910,442.427
7,18250,mutate_pack_content,246368,246368,178274,0.543574,1484,1484,0,15884,447.253
7,18500,mutate_pack_content,245904,245904,178274,0.479688,1484,1484,0,15822,451.981
7,18750,mutate_pack_content,245076,245076,178274,0.42331,1484,1484,0,15672,456.883
7,19000,mutate_pack_content,243807,243807,178274,0.373558,1484,1484,0,15597,461.359
7,19250,mutate_pack_content,242666,242666,178274,0.329653,1484,1484,0,15326,465.769
7,19500,mutate_pack_content,242214,242214,178274,0.290909,1484,1484,0,15277,469.753
7,19750,mutate_pack_content,242047,242047,178274,0.256718,1484,1484,0,15255,473.495
7,20000,mutate_pack_content,241430,241430,178274,0.226546,1484,1484,0,15184,478.081
8,1,split_pack,650129,650129,650129,5000,495,494,0,0,0.094746
8,250,remove_pack,435525,435495,381600,4414.55,547,548,0,4079,5.83692
8,500,reallocate,343779,342725,305565,3895.71,573,573,0,9237,12.1185
8,750,reallocate,330699,330699,292386,3437.84,599,599,0,13731,18.0269
8,1000,mutate_pack_content,322580,317326,292386,3033.79,620,614,0,15545,23.8764
8,1250,add_curve_pack,313450,313306,292386,2677.23,628,627,0,18844,29.4057
8,1500,remove_pack,309010,307507,292386,2362.57,642,635,0,19726,34.6935
8,1750,mutate_pack_content,305174,301928,292386,2084.9,654,656,0,20712,39.495
8,2000,mutate_pack_content,306525,301928,292386,1839.86,664,656,0,20712,44.4173
8,2250,mutate_pack_content,297277,296230,292386,1623.62,662,662,0,21238,49.1181
8,2500,reallocate,299924,296230,292386,1432.79,678,662,0,21238,53.8833
8,2750,mutate_pack_content,301443,296230,292386,1264.4,683,662,0,21238,58.612
8,3000,reallocate,301319,296230,292386,1115.79,684,662,0,21238,63.0288
8,3250,mutate_pack_content,306993,296230,292386,984.651,688,662,0,21238,67.9988
8,3500,reallocate,306520,296230,290705,868.924,691,662,0,21238,72.8211
8,3750,reallocate,306718,296230,283284,766.799,689,662,0,21238,77.7416
8,4000,reallocate,310535,296230,282356,676.676,699,662,0,21238,82.3117
8,4250,reallocate,306731,296230,282356,597.146,704,662,0,21238,86.6974
8,4500,mutate_pack_content,308314,296230,280110,526.963,708,662,0,21238,91.3526
8,4750,reallocate,305163,296230,275606,465.029,707,662,0,21238,96.1499
8,5000,remove_pack,300392,296230,274136,410.374,713,662,0,21238,101.213
8,5250,reallocate,299709,296230,266251,362.142,718,662,0,21238,106.357
8,5500,mutate_pack_content,300859,296230,261649,319.579,725,662,0,21238,111.287
8,5750,mutate_pack_content,293499,293499,256095,282.019,729,729,0,22873,116.283
8,6000,reallocate,291521,291157,251491,248.873,735,735,0,22712,121.372
8,6250,merge_packs,287279,287279,247950,219.623,737,737,0,22365,126.736
8,6500,reallocate,288362,286526,241837,193.81,735,734,0,22202,132.119
8,6750,reallocate,286392,285761,238532,171.032,738,738,0,22082,137.171
8,7000,reallocate,281709,281164,233914,150.93,741,741,0,21895,142.798
8,7250,reallocate,277961,277867,230766,133.191,739,739,0,21688,148.492
8,7500,reallocate,273754,273542,226539,117.537,738,738,0,21286,154.056
8,7750,reallocate,268274,268268,220428,103.723,738,738,0,20839,159.917
8,8000,reallocate,265065,264744,214396,91.5324,738,738,0,20400,165.593
8,8250,reallocate,263255,263145,210181,80.7745,738,738,0,20352,171.226
8,8500,reallocate,260162,260162,206914,71.281,738,738,0,19959,176.824
8,8750,reallocate,257723,257723,203734,62.9033,738,738,0,19866,182.698
8,9000,reallocate,255578,255578,201816,55.5103,738,738,0,19778,188.822
8,9250,reallocate,254784,254784,200250,48.9861,738,738,0,19661,194.724
8,9500,reallocate,252304,252261,197910,43.2287,738,738,0,19376,200.689
8,9750,reallocate,250631,250631,195692,38.148,738,738,0,19324,207.008
8,10000,reallocate,248715,248715,193941,33.6645,738,738,0,19182,213.633
8,10250,reallocate,247696,247696,192600,29.7079,738,738,0,19155,219.595
8,10500,reallocate,246089,246089,191395,26.2163,738,738,0,18921,225.7
8,10750,reallocate,244268,244268,189974,23.1351,738,738,0,18710,232.022
8,11000,reallocate,243251,243251,188798,20.416,738,738,0,18627,238.839
8,11250,reallocate,242414,242414,187850,18.0165,738,738,0,18519,245.353
8,11500,reallocate,241289,241289,186756,15.899,738,738,0,18344,251.84
8,11750,reallocate,239936,239927,185000,14.0304,738,738,0,18300,258.477
8,12000,reallocate,239187,239177,184028,12.3814,738,738,0,18249,265.057
8,12250,reallocate,238486,238486,183041,10.9262,738,738,0,18142,271.672
8,12500,reallocate,237418,237418,181670,9.64202,738,738,0,18075,279.281
8,12750,reallocate,236847,236847,180828,8.50878,738,738,0,18051,285.97
8,13000,reallocate,235602,235602,180211,7.50874,738,738,0,17959,292.309
8,13250,reallocate,234571,234553,179528,6.62623,738,738,0,17861,298.9
8,13500,reallocate,234169,234169,178893,5.84745,738,738,0,17846,305.009
8,13750,reallocate,233223,233222,178308,5.16019,738,738,0,17694,311.303
8,14000,reallocate,232771,232771,178274,4.55371,738,738,0,17626,317.197
8,14250,reallocate,231901,231901,178274,4.01851,738,738,0,17512,323.018
8,14500,reallocate,230983,230983,178274,3.54621,738,738,0,17462,328.617
8,14750,reallocate,230380,230380,178274,3.12942,738,738,0,17437,334.345
8,15000,reallocate,229671,229671,178274,2.76162,738,738,0,17319,340.307
8,15250,reallocate,229101,229101,178274,2.43705,738,738,0,17355,346.165
8,15500,reallocate,228635,228635,178274,2.15062,738,738,0,17276,351.941
8,15750,reallocate,228105,228105,178274,1.89785,738,738,0,17223,357.665
8,16000,reallocate,227359,227359,178274,1.6748,738,738,0,17183,363.365
8,16250,reallocate,226650,226650,178274,1.47796,738,738,0,17201,369.25
8,16500,reallocate,225938,225938,178274,1.30425,738,738,0,17130,374.877
8,16750,reallocate,225619,225619,178274,1.15096,738,738,0,17063,380.259
8,17000,reallocate,225260,225260,178274,1.01569,738,738,0,16995,385.839
8,17250,reallocate,224746,224746,178274,0.896315,738,738,0,16921,391.396
8,17500,reallocate,224047,224047,178274,0.79097,738,738,0,16868,397.06
8,17750,reallocate,223692,223692,178274,0.698007,738,738,0,16829,402.563
8,18000,reallocate,223193,223193,178274,0.61597,738,738,0,16763,407.844
8,18250,reallocate,222644,222644,178274,0.543574,738,738,0,16690,412.7
8,18500,reallocate,221905,221905,178274,0.479688,738,738,0,16656,416.969
8,18750,reallocate,221497,221497,178274,0.42331,738,738,0,16637,421.589
8,19000,reallocate,221354,221354,178274,0.373558,738,738,0,16636,425.558
8,19250,reallocate,221195,221195,178274,0.329653,738,738,0,16608,429.012
8,19500,reallocate,220610,220610,178274,0.290909,738,738,0,16544,432.786
8,19750,reallocate,220166,220166,178274,0.256718,738,738,0,16475,436.392
8,20000,reallocate,219958,219958,178274,0.226546,738,738,0,16445,440.306
9,1,mutate_pack_content,650129,650129,650129,5000,490,490,0,0,0.0932643
9,250,merge_packs,428583,428547,381969,4414.55,525,525,0,3828,5.61037
9,500,reallocate,334951,334711,313143,3895.71,569,568,0,11005,11.3487
9,750,mutate_pack_content,322247,319780,292386,3437.84,608,603,0,14923,16.5312
9,1000,merge_packs,329754,319780,292386,3033.79,657,603,0,14923,21.7658
9,1250,reallocate,338775,319780,292386,2677.23,698,603,0,14923,26.7876
9,1500,reallocate,341352,319780,292386,2362.57,737,603,0,14923,31.3305
9,1750,remove_pack,340413,319780,292386,2084.9,768,603,0,14923,36.243
9,2000,add_curve_pack,339001,319780,292386,1839.86,793,603,0,14923,40.9974
9,2250,merge_packs,345434,319780,292386,1623.62,856,603,0,14923,45.7778
9,2500,reallocate,343974,319780,292386,1432.79,892,603,0,14923,50.6151
9,2750,merge_packs,355132,319780,292386,1264.4,927,603,0,14923,55.263
9,3000,merge_packs,356695,319780,292386,1115.79,959,603,0,14923,59.9749
9,3250,merge_packs,355856,319780,292386,984.651,997,603,0,14923,65.0754
9,3500,reallocate,349091,319780,292386,868.924,1030,603,0,14923,70.2719
9,3750,add_curve_pack,354114,319780,286118,766.799,1079,603,0,14923,75.4048
9,4000,mutate_pack_content,348457,319780,282356,676.676,1115,603,0,14923,81.3098
9,4250,mutate_pack_content,347757,319780,282356,597.146,1156,603,0,14923,86.8437
9,4500,add_curve_pack,343700,319780,279262,526.963,1195,603,0,14923,92.2622
9,4750,merge_packs,342897,319780,275567,465.029,1236,603,0,14923,98.2849
9,5000,merge_packs,340956,319780,270030,410.374,1268,603,0,14923,104.566
9,5250,reallocate,342092,319780,261987,362.142,1296,603,0,14923,110.468
9,5500,mutate_pack_content,339504,319780,255502,319.579,1327,603,0,14923,116.777
9,5750,reallocate,336943,319780,248653,282.019,1358,603,0,14923,123.397
9,6000,mutate_pack_content,336356,319780,243917,248.873,1399,603,0,14923,129.849
9,6250,merge_packs,334443,319780,239267,219.623,1431,603,0,14923,136.243
9,6500,add_curve_pack,330648,319780,233589,193.81,1476,603,0,14923,143.638
9,6750,merge_packs,327443,319780,228829,171.032,1510,603,0,14923,150.836
9,7000,reallocate,326538,319780,221544,150.93,1538,603,0,14923,158.49
9,7250,reallocate,325459,319780,214190,133.191,1563,603,0,14923,165.952
9,7500,mutate_pack_content,323595,319780,209359,117.537,1599,603,0,14923,173.209
9,7750,reallocate,320632,319780,205060,103.723,1636,603,0,14923,180.828
9,8000,reallocate,319243,318987,201816,91.5324,1665,1658,0,25416,188.79
9,8250,reallocate,317397,317397,199390,80.7745,1714,1710,0,25110,196.791
9,8500,reallocate,314448,314448,196270,71.281,1762,1762,0,24726,205.077
9,8750,merge_packs,313019,313016,193839,62.9033,1798,1797,0,24660,214.013
9,9000,reallocate,311276,311276,191840,55.5103,1819,1818,0,24525,222.934
9,9250,merge_packs,308743,308723,189872,48.9861,1848,1847,0,24296,232.264
9,9500,mutate_pack_content,307378,307378,188358,43.2287,1870,1870,0,24230,242.487
9,9750,split_pack,306334,306334,186730,38.148,1889,1883,0,24094,252.572
9,10000,reallocate,304068,304014,184379,33.6645,1895,1894,0,24003,262.573
9,10250,mutate_pack_content,301598,301598,182908,29.7079,1895,1895,0,23777,273.004
9,10500,reallocate,299837,299837,180850,26.2163,1904,1904,0,23565,284.521
9,10750,mutate_pack_content,298321,298318,179991,23.1351,1908,1908,0,23391,294.906
9,11000,reallocate,298057,298057,178866,20.416,1917,1916,0,23379,305.63
9,11250,reallocate,297463,297463,178274,18.0165,1923,1923,0,23219,315.516
9,11500,reallocate,296686,296676,178274,15.899,1928,1927,0,23160,325.053
9,11750,reallocate,296037,296037,178274,14.0304,1934,1934,0,23053,334.402
9,12000,reallocate,294876,294876,178274,12.3814,1936,1936,0,22987,344.194
9,12250,mutate_pack_content,294167,294167,178274,10.9262,1940,1940,0,22927,353.485
9,12500,reallocate,293057,293051,178274,9.64202,1941,1941,0,22776,363.299
9,12750,reallocate,291911,291897,178274,8.50878,1943,1943,0,22571,373.215
9,13000,reallocate,291582,291582,178274,7.50874,1944,1943,0,22579,382.503
9,13250,reallocate,290432,290432,178274,6.62623,1945,1945,0,22460,392.079
9,13500,reallocate,289194,289194,178274,5.84745,1945,1946,0,22371,401.365
9,13750,reallocate,288262,288262,178274,5.16019,1946,1946,0,22355,409.809
9,14000,reallocate,287602,287602,178274,4.55371,1947,1947,0,22301,417.253
9,14250,reallocate,287273,287273,178274,4.01851,1948,1948,0,22216,424.445
9,14500,reallocate,286898,286898,178274,3.54621,1948,1948,0,22214,430.724
9,14750,reallocate,286259,286259,178274,3.12942,1949,1949,0,22210,437.059
9,15000,reallocate,285773,285773,178274,2.76162,1950,1950,0,22099,443.898
9,15250,reallocate,285381,285381,178274,2.43705,1951,1951,0,22101,450.448
9,15500,reallocate,285113,285113,178274,2.15062,1951,1951,0,22009,457.579
9,15750,reallocate,284959,284959,178274,1.89785,1951,1951,0,22010,463.705
9,16000,reallocate,284879,284879,178274,1.6748,1951,1951,0,22029,469.89
9,16250,reallocate,283963,283963,178274,1.47796,1952,1952,0,22063,475.764
9,16500,reallocate,283470,283470,178274,1.30425,1952,1952,0,21949,481.54
9,16750,reallocate,282677,282677,178274,1.15096,1952,1952,0,21881,487.224
9,17000,reallocate,281142,281142,178274,1.01569,1952,1952,0,21754,492.527
9,17250,reallocate,279983,279983,178274,0.896315,1952,1952,0,21635,498.256
9,17500,reallocate,278962,278962,178274,0.79097,1952,1952,0,21573,504.222
9,17750,reallocate,278113,278113,178274,0.698007,1952,1952,0,21591,510.226
9,18000,reallocate,277877,277877,178274,0.61597,1952,1952,0,21576,516.197
9,18250,reallocate,277465,277465,178274,0.543574,1952,1952,0,21531,521.654
9,18500,reallocate,276803,276803,178274,0.479688,1952,1952,0,21474,526.453
9,18750,reallocate,276565,276565,178274,0.42331,1952,1952,0,21461,531.618
9,19000,reallocate,275356,275356,178274,0.373558,1952,1952,0,21374,537.068
9,19250,reallocate,274778,274778,178274,0.329653,1952,1952,0,21361,543.385
9,19500,reallocate,274486,274486,178274,0.290909,1952,1952,0,21376,548.955
9,19750,reallocate,273924,273924,178274,0.256718,1952,1952,0,21391,554.794
9,20000,reallocate,273372,273372,178274,0.226546,1952,1952,0,21324,560.407
10,1,remove_pack,650129,650129,648276,5000,492,493,0,0,0.113079
10,250,merge_packs,412395,412075,380473,4414.55,542,540,0,4450,5.91329
10,500,reallocate,350807,350807,306629,3895.71,562,562,0,9789,11.7535
10,750,remove_pack,330072,329172,292386,3437.84,580,577,0,13585,17.4539
10,1000,mutate_pack_content,325382,325188,292386,3033.79,604,604,0,16382,22.9524
10,1250,add_curve_pack,319103,316340,292386,2677.23,607,607,0,17261,28.0486
10,1500,merge_packs,316688,316191,292386,2362.57,626,617,0,18505,32.4752
10,1750,mutate_pack_content,316440,312442,292386,2084.9,637,634,0,19833,37.1273
10,2000,mutate_pack_content,313160,312116,292386,1839.86,653,652,0,20610,41.5985
10,2250,add_curve_pack,312106,310244,292386,1623.62,659,657,0,21018,46.0975
10,2500,mutate_pack_content,311344,309255,292386,1432.79,667,665,0,20726,50.2594
10,2750,mutate_pack_content,318094,309255,292386,1264.4,681,665,0,20726,54.7542
10,3000,add_curve_pack,313477,309255,292386,1115.79,692,665,0,20726,59.1154
10,3250,mutate_pack_content,314173,309255,292386,984.651,699,665,0,20726,63.7544
10,3500,mutate_pack_content,317527,309255,292386,868.924,702,665,0,20726,68.137
10,3750,mutate_pack_content,314377,309255,290705,766.799,715,665,0,20726,72.8798
10,4000,add_curve_pack,307714,307324,283284,676.676,721,722,0,20969,77.852
10,4250,mutate_pack_content,301960,301810,282356,597.146,727,727,0,20559,82.7182
10,4500,mutate_pack_content,305846,301810,282356,526.963,729,727,0,20559,87.4233
10,4750,mutate_pack_content,300082,299639,279907,465.029,730,728,0,20920,92.0108
10,5000,mutate_pack_content,298058,297733,275606,410.374,728,728,0,20882,96.7936
10,5250,mutate_pack_content,295797,295168,273737,362.142,727,727,0,20452,101.739
10,5500,mutate_pack_content,287980,287980,266137,319.579,728,728,0,20115,106.875
10,5750,mutate_pack_content,284152,284152,261649,282.019,728,728,0,19647,111.822
10,6000,mutate_pack_content,283529,282650,256095,248.873,727,727,0,19344,116.288
10,6250,mutate_pack_content,279716,279716,251491,219.623,727,727,0,19308,121.022
10,6500,mutate_pack_content,277138,277138,248290,193.81,727,727,0,19350,125.914
10,6750,mutate_pack_content,273533,273533,243735,171.032,727,727,0,18891,130.42
10,7000,mutate_pack_content,267039,267039,239983,150.93,727,727,0,18341,134.998
10,7250,mutate_pack_content,263952,263952,236956,133.191,727,727,0,18178,139.79
10,7500,mutate_pack_content,261108,261097,231915,117.537,727,727,0,17878,144.712
10,7750,mutate_pack_content,259052,258853,230165,103.723,727,727,0,17921,149.754
10,8000,mutate_pack_content,256515,256471,225904,91.5324,727,727,0,17768,154.907
10,8250,mutate_pack_content,251582,251582,220409,80.7745,727,727,0,17093,160.022
10,8500,mutate_pack_content,249978,249978,214601,71.281,727,727,0,17004,165.003
10,8750,mutate_pack_content,246475,246475,211448,62.9033,727,727,0,16638,169.618
10,9000,mutate_pack_content,243169,243123,208810,55.5103,727,727,0,16471,174.31
10,9250,mutate_pack_content,240718,240640,205651,48.9861,727,727,0,16427,179.067
10,9500,mutate_pack_content,238438,238400,203418,43.2287,727,727,0,16293,184.144
10,9750,mutate_pack_content,236768,236761,201742,38.148,727,727,0,16227,189.184
10,10000,mutate_pack_content,233438,233381,200398,33.6645,727,727,0,15941,194.094
10,10250,mutate_pack_content,231897,231897,198745,29.7079,727,727,0,15730,198.873
10,10500,mutate_pack_content,229751,229714,196993,26.2163,727,727,0,15561,203.7
10,10750,mutate_pack_content,227539,227539,195210,23.1351,727,727,0,15477,208.665
10,11000,mutate_pack_content,224916,224912,193881,20.416,727,727,0,15179,213.891
10,11250,mutate_pack_content,222086,222081,192733,18.0165,727,727,0,15020,218.826
10,11500,mutate_pack_content,221030,221030,191785,15.899,727,727,0,14915,223.927
10,11750,mutate_pack_content,218204,218204,190324,14.0304,727,727,0,14734,229.513
10,12000,mutate_pack_content,216989,216989,189747,12.3814,727,727,0,14577,234.835
10,12250,mutate_pack_content,215925,215925,188725,10.9262,727,727,0,14500,239.957
10,12500,mutate_pack_content,215281,215278,187850,9.64202,727,727,0,14467,245.365
10,12750,mutate_pack_content,213840,213840,186990,8.50878,727,727,0,14317,250.783
10,13000,mutate_pack_content,212351,212351,186045,7.50874,727,727,0,14145,255.848
10,13250,mutate_pack_content,211571,211568,184495,6.62623,727,727,0,14119,261.474
10,13500,mutate_pack_content,210607,210607,183755,5.84745,727,727,0,13992,266.433
10,13750,mutate_pack_content,209994,209994,182965,5.16019,727,727,0,13791,271.782
10,14000,mutate_pack_content,209121,209121,182064,4.55371,727,727,0,13649,277.957
10,14250,mutate_pack_content,208113,208113,181065,4.01851,727,727,0,13508,283.4
10,14500,mutate_pack_content,206476,206476,180613,3.54621,727,727,0,13426,288.361
10,14750,mutate_pack_content,204553,204553,180148,3.12942,727,727,0,13306,293.356
10,15000,mutate_pack_content,203373,203373,179522,2.76162,727,727,0,13170,299.343
10,15250,mutate_pack_content,202373,202373,178893,2.43705,727,727,0,13038,304.334
10,15500,mutate_pack_content,201420,201420,178468,2.15062,727,727,0,12958,309.104
10,15750,mutate_pack_content,200447,200447,178274,1.89785,727,727,0,12844,313.92
10,16000,mutate_pack_content,199966,199966,178274,1.6748,727,727,0,12788,318.467
10,16250,mutate_pack_content,199389,199389,178274,1.47796,727,727,0,12755,323.15
10,16500,mutate_pack_content,198764,198764,178274,1.30425,727,727,0,12728,327.59
10,16750,mutate_pack_content,198249,198249,178274,1.15096,727,727,0,12661,332.043
10,17000,mutate_pack_content,197598,197598,178274,1.01569,727,727,0,12589,336.827
10,17250,mutate_pack_content,197139,197139,178274,0.896315,727,727,0,12547,341.343
10,17500,mutate_pack_content,196902,196902,178274,0.79097,727,727,0,12524,345.803
10,17750,mutate_pack_content,196526,196526,178274,0.698007,727,727,0,12499,350.094
10,18000,mutate_pack_content,195878,195878,178274,0.61597,727,727,0,12432,354.478
10,18250,mutate_pack_content,194968,194968,178274,0.543574,727,727,0,12334,359.099
10,18500,mutate_pack_content,194777,194777,178274,0.479688,727,727,0,12320,363.454
10,18750,mutate_pack_content,194515,194515,178274,0.42331,727,727,0,12296,367.979
10,19000,mutate_pack_content,193563,193563,178274,0.373558,727,727,0,12165,372.436
10,19250,mutate_pack_content,192939,192939,178274,0.329653,727,727,0,12124,376.689
10,19500,mutate_pack_content,192516,192516,178274,0.290909,727,727,0,12072,381.086
10,19750,mutate_pack_content,191770,191770,178274,0.256718,727,727,0,12002,385.434
10,20000,mutate_pack_content,191370,191370,178274,0.226546,727,727,0,11970,389.967
